{"northing":397661.0521473522,"easting":371410.0228066595}